,Accuracy,Precision,Recall,F1-Score
Logistic Regression,0.8156424581005587,0.8103448275862069,0.6811594202898551,0.7401574803149606
Decision Tree,0.776536312849162,0.6986301369863014,0.7391304347826086,0.7183098591549296
Random Forest,0.8156424581005587,0.7727272727272727,0.7391304347826086,0.7555555555555555
Random Forest (Tuned),0.8044692737430168,0.765625,0.7101449275362319,0.7368421052631579
